{
  "info": {
    "name": "Project API Tests",
    "schema": "https://schema.getpostman.com/json/collection/v2.1.0/collection.json"
  },
  "item": [
    {
      "name": "Cart Operations",
      "item": [
        {
          "name": "Add Item to Cart",
          "request": {
            "method": "POST",
            "header": [
              {
                "key": "X-Customer-Id",
                "value": "{{customerId}}",
                "type": "text"
              },
              {
                "key": "Content-Type",
                "value": "application/json",
                "type": "text"
              }
            ],
            "body": {
              "mode": "raw",
              "raw": "{\n    \"productId\": \"{{productId}}\",\n    \"quantity\": 2\n}"
            },
            "url": {
              "raw": "{{baseUrl}}/api/cart/add",
              "host": ["{{baseUrl}}"],
              "path": ["api", "cart", "add"]
            }
          }
        },
        {
          "name": "Get Cart Contents",
          "request": {
            "method": "GET",
            "header": [
              {
                "key": "X-Customer-Id",
                "value": "{{customerId}}",
                "type": "text"
              }
            ],
            "url": {
              "raw": "{{baseUrl}}/api/cart",
              "host": ["{{baseUrl}}"],
              "path": ["api", "cart"]
            }
          }
        },
        {
          "name": "Remove Item from Cart",
          "request": {
            "method": "DELETE",
            "header": [
              {
                "key": "X-Customer-Id",
                "value": "{{customerId}}",
                "type": "text"
              }
            ],
            "url": {
              "raw": "{{baseUrl}}/api/cart/{{productId}}",
              "host": ["{{baseUrl}}"],
              "path": ["api", "cart", "{{productId}}"]
            }
          }
        }
      ]
    },
    {
      "name": "Order Operations",
      "item": [
        {
          "name": "Create Order",
          "request": {
            "method": "POST",
            "header": [
              {
                "key": "X-Customer-Id",
                "value": "{{customerId}}",
                "type": "text"
              }
            ],
            "url": {
              "raw": "{{baseUrl}}/api/orders",
              "host": ["{{baseUrl}}"],
              "path": ["api", "orders"]
            }
          }
        },
        {
          "name": "Get Order Details",
          "request": {
            "method": "GET",
            "header": [],
            "url": {
              "raw": "{{baseUrl}}/api/orders/{{orderId}}",
              "host": ["{{baseUrl}}"],
              "path": ["api", "orders", "{{orderId}}"]
            }
          }
        },
        {
          "name": "Get Customer Orders",
          "request": {
            "method": "GET",
            "header": [
              {
                "key": "X-Customer-Id",
                "value": "{{customerId}}",
                "type": "text"
              }
            ],
            "url": {
              "raw": "{{baseUrl}}/api/orders",
              "host": ["{{baseUrl}}"],
              "path": ["api", "orders"]
            }
          }
        },
        {
          "name": "Cancel Order",
          "request": {
            "method": "DELETE",
            "header": [],
            "url": {
              "raw": "{{baseUrl}}/api/orders/{{orderId}}",
              "host": ["{{baseUrl}}"],
              "path": ["api", "orders", "{{orderId}}"]
            }
          }
        }
      ]
    }
  ],
  "event": [
    {
      "listen": "prerequest",
      "script": {
        "type": "text/javascript",
        "exec": [
          "if (!pm.collectionVariables.get('customerId')) {",
          "    pm.collectionVariables.set('customerId', pm.variables.replaceIn('{{$guid}}'));",
          "}",
          "",
          "if (!pm.collectionVariables.get('productId')) {",
          "    pm.collectionVariables.set('productId', pm.variables.replaceIn('{{$guid}}'));",
          "}"
        ]
      }
    }
  ],
  "variable": [
    {
      "key": "baseUrl",
      "value": "http://localhost:8080",
      "type": "string"
    },
    {
      "key": "customerId",
      "value": "",
      "type": "string"
    },
    {
      "key": "productId",
      "value": "",
      "type": "string"
    },
    {
      "key": "orderId",
      "value": "",
      "type": "string"
    }
  ]
}
